ID_Viaje,Ruta,Hora_Salida_Origen,Hora_Llegada_Destino
TTA750001.1.12293,D81,04:00:00,05:06:45
TTA750001.2.12383,L81,05:08:00,06:33:45
TTA750002.1.12113,MK86,16:05:00,16:51:00
TTA750002.1.12297,ML82,04:00:00,05:49:30
TTA750015.1.12771,P85-M85,17:13:00,18:37:15
TTA750020.6.12298,M82,22:40:45,23:24:45
TTA750046.5.12114,MK86,20:43:00,22:22:00
TTA750048.1.12387,MC84,05:00:00,06:37:15
TTA750149.7.12775,M86,23:00:00,23:45:00
TTA7D0001.1.12467,C15,04:00:00,05:28:15
TTA7D0001.1.12815,F28,17:03:45,18:15:30
TTA7D0001.2.12612,B28,18:16:00,19:25:30
TTA7D0001.2.12813,H15,05:30:00,07:07:00
TTA7D0002.1.12874,B12,04:00:00,04:57:30
TTA7D0002.2.12873,G12,04:57:30,05:56:15
TTA7D0003.1.10056,2,04:00:00,04:26:00
TTA7D0003.1.10067,G47,04:30:00,05:06:00
TTA7D0003.1.11163,F23,16:57:15,17:41:45
TTA7D0003.1.11868,F32,15:15:00,16:13:15
TTA7D0003.1.12047,C19,18:11:15,19:34:30
TTA7D0003.1.12871,D22,05:09:30,06:16:00
TTA7D0003.2.12048,F19,19:34:30,20:59:15
TTA7D0003.2.12872,G22,06:16:00,07:15:45
TTA7D0004.1.11712,J23,04:00:00,04:53:00
TTA7D0004.1.11873,F60,21:33:30,22:36:15
TTA7D0004.1.12011,B18,07:00:00,08:25:00
TTA7D0004.1.12644,H27,17:34:30,19:31:30
TTA7D0004.2.10039,M47,05:48:00,06:37:45
TTA7D0004.2.12839,B27,19:31:30,20:53:30
TTA7D0005.1.11870,L41,06:03:30,06:55:45
TTA7D0005.1.11926,K43,04:00:00,04:59:45
TTA7D0005.2.11458,G43,05:00:00,06:00:45
TTA7D0005.2.11878,G41,19:17:45,20:08:30
TTA7D0005.2.12012,L18,08:46:45,10:15:30
TTA7D0006.1.12078,G46,05:04:30,06:06:00
TTA7D0006.1.12243,D24,17:33:30,18:41:15
TTA7D0006.2.11872,B46,06:08:30,07:33:30
TTA7D0007.1.11272,B50,08:30:00,09:23:45
TTA7D0007.1.11909,C17,04:00:00,05:24:00
TTA7D0007.2.11910,H17,05:24:00,06:47:45
TTA7D0007.2.11932,C50,16:30:00,17:26:45
TTA7D0008.1.12462,K10,04:00:00,04:39:45
TTA7D0008.1.12816,B11,05:15:00,06:33:30
TTA7D0008.2.12817,G11,06:35:00,07:44:15
TTA7D0009.1.11885,3,04:00:00,04:49:45
TTA7D0009.1.12614,A61,06:35:00,08:06:00
TTA7D0009.2.11886,3,04:51:00,05:36:15
TTA7D0009.2.12615,F61,18:12:00,20:05:15
TTA7D0010.1.11463,G12,05:04:00,05:53:30
TTA7D0010.2.11876,B12,05:54:00,06:53:15
TTA7D0011.1.11382,D21,04:00:00,05:07:00
TTA7D0012.1.11879,E42,04:00:00,04:49:15
TTA7D0012.2.11871,G42,04:50:00,05:32:30
TTA7D0013.1.12577,B74,14:05:45,14:55:45
TTA7D0013.1.12639,5,04:00:00,04:29:30
TTA7D0013.2.12576,J74,14:56:15,15:46:00
TTA7D0013.2.12841,5,04:36:00,05:20:00
TTA7D0015.1.12821,H76,21:55:15,22:39:00
TTA7D0015.1.12842,B75,04:00:00,05:22:00
TTA7D0015.1.12843,K16,05:28:00,06:24:00
TTA7D0016.1.12622,E32,04:00:00,04:51:30
TTA7D0016.2.12616,A60,06:05:30,07:28:00
TTA7D0017.1.11747,4,04:00:00,04:54:30
TTA7D0017.1.11856,7,05:00:00,05:32:30
TTA7D0017.1.12840,8,18:36:00,19:09:00
TTA7D0017.2.11627,7,05:35:00,06:10:15
TTA7D0017.2.11853,4,06:18:00,07:14:45
TTA7D0017.2.12641,8,19:09:30,20:29:15
TTA7D0019.1.11268,A52,05:15:00,06:10:15
TTA7D0019.1.11989,B72,07:03:15,08:19:30
TTA7D0019.1.12823,E48,04:00:00,04:40:45
TTA7D0021.2.12428,B16,21:42:45,22:33:45
TTA7D0026.2.12824,G48,16:10:00,16:50:00
TTA7D0027.1.12646,H75,05:09:45,06:37:30
TTA7D0028.1.12468,G52,17:57:45,18:58:00
TTA7D0029.1.12067,H20,07:11:00,08:52:00
TTA7D0029.2.12066,D20,17:32:45,19:15:15
TTA7D0030.2.11988,H72,17:54:45,19:17:15
TTA7D0031.1.11907,G30,15:00:00,16:08:15
TTA7D0031.2.11908,C30,16:08:15,17:14:30
TTA7D0033.2.11381,H21,05:14:00,06:22:15
TTA7D0038.1.11725,F51,05:16:00,06:07:15
TTA7D0038.2.11724,M51,06:07:45,07:10:30
TTA7D0042.2.10070,2,04:37:00,05:01:45
TTA7D0044.1.11875,F26,15:07:15,16:14:30
TTA7D0045.1.11453,J70,06:14:00,07:10:15
TTA7D0045.1.12819,B23,05:05:00,06:06:45
TTA7D0049.2.12820,K23,06:11:30,07:12:00
TTA7D0050.1.10073,C25,15:26:45,16:35:15
TTA7D0050.1.11913,J73,07:31:15,08:31:15
TTA7D0050.2.10074,L25,16:35:15,17:58:45
TTA7D0054.4.12070,J23,07:45:00,08:26:15
TTA7D0056.1.12621,B26,08:40:30,10:00:15
TTA7D0058.1.12818,J24,07:19:15,08:17:15
TTA7D0062.1.11930,D55,15:20:15,16:03:45
TTA7D0064.2.12030,L10,05:00:00,05:41:45
TTA7D0068.2.11914,C73,17:21:15,18:24:00
TTA7D0069.1.12010,6,05:19:00,06:13:15
TTA7D0069.2.12242,6,06:13:45,07:17:00
TTA7D0070.1.11851,1,05:00:00,05:25:00
TTA7D0070.2.11231,1,05:25:00,05:50:00
TTA7D0076.1.10076,D10,19:17:30,20:03:00
TTA7D0078.1.12073,K54,07:58:30,09:04:15
TTA7D0078.2.12811,H54,16:29:30,17:46:00
TTA7D0137.1.10075,B10,04:30:00,05:12:00
TTA7D0155.1.12075,B55,07:12:30,08:04:00
TTA7D0161.1.12558,H13,06:05:45,07:33:30
TTA7D0161.2.12814,B13,07:34:00,09:03:00
TTA7D0165.1.12825,M83,04:30:00,05:14:45
TTA7D0165.2.12826,H83,05:15:00,05:52:30
TTA7D0197.1.11997,G43,23:45:00,24:09:00
TTA7D0219.1.12648,H75,23:40:00,24:13:45
TTA7D0224.1.12822,J76,05:54:00,06:47:15
TTA7D0227.4.10082,F23,07:36:15,08:11:30
TTA7D0256.1.11931,G45,16:30:00,16:43:30
TTA7D0256.2.10036,G45,16:50:00,17:04:30
TTA7D0425.1.12649,K54,23:50:00,24:16:00
TTA7D1723.1.12652,L18,23:55:00,24:17:45
