estacion,val_dia,pico_manana,pico_tarde
Portal Américas,74005.0,14319.0,1539.0
Portal Norte,71398.0,9387.0,5490.0
Portal Suba,56786.0,11707.0,1876.0
Portal 80,56256.0,9169.0,2774.0
San Mateo,55285.0,10917.0,1307.0
Portal Sur - JFK Coop. financ.,54274.0,11550.0,1283.0
Portal Eldorado - C.C. NUESTRO BOGOTÁ,49110.0,6011.0,5723.0
Portal Tunal,42275.0,7443.0,1522.0
Calle 100 - Marketmedios,40028.0,646.0,7492.0
Portal Usme,38034.0,7917.0,854.0
Banderas,36878.0,6776.0,1353.0
Portal 20 de Julio,34514.0,6775.0,865.0
AV. Jiménez,27251.0,209.0,4218.0
Temporal - Marly,27045.0,734.0,2916.0
Calle 76,26799.0,454.0,4834.0
Toberín - Foundever,26699.0,3613.0,2658.0
Temporal - Flores,26647.0,455.0,4621.0
Terreros - Hospital C.V.,25652.0,6220.0,459.0
Calle 63,24306.0,541.0,2923.0
Calle 45 - American School Way,23560.0,620.0,2836.0
Alcalá - Col. S. Tomás Dominicos,23139.0,2043.0,2996.0
Temporal - Calle 57,22887.0,706.0,3502.0
Calle 127,19287.0,732.0,2947.0
AV. 1° Mayo,18019.0,3118.0,694.0
Temporal - Calle 34,17788.0,435.0,4095.0
San Victorino,16754.0,128.0,2779.0
Biblioteca Tintal,16601.0,3792.0,377.0
Museo Nacional - FNG,16245.0,237.0,3753.0
Héroes,15770.0,188.0,2824.0
Virrey,14918.0,169.0,3424.0
Pepe Sierra,14709.0,510.0,2971.0
Calle 85 - GATO DUMAS,14371.0,179.0,2888.0
Suba - TV 91,14333.0,2641.0,625.0
Museo del Oro,14233.0,119.0,2469.0
AV. Chile,14141.0,460.0,2909.0
Ricaurte,13739.0,389.0,3064.0
Molinos,13445.0,2880.0,381.0
U. Nacional,13215.0,224.0,1812.0
Las Aguas - C. Col Americano,13084.0,287.0,2153.0
Universidades - CityU,12920.0,615.0,1864.0
Calle 106,12842.0,298.0,2594.0
Paloquemao,12692.0,355.0,2487.0
Restrepo,12540.0,1257.0,1036.0
Calle 72,12506.0,338.0,2238.0
Terminal,12324.0,1825.0,960.0
Calle 146,12277.0,1610.0,1070.0
El Tiempo - CCB,12267.0,341.0,2258.0
Country Sur,12232.0,2328.0,353.0
Calle 142,12063.0,1348.0,1234.0
Mazurén,12013.0,1516.0,1041.0
Pradera - Plaza Central,11945.0,361.0,1546.0
Niza - Calle 127,11583.0,470.0,1863.0
Campín - UAN,11547.0,313.0,1835.0
CAD,11547.0,323.0,2333.0
Las Nieves,11001.0,122.0,2040.0
Granja - KR 77,10907.0,1571.0,739.0
León XIII,10899.0,2417.0,302.0
7 de agosto,10629.0,333.0,1698.0
AV. 39,10545.0,159.0,1864.0
Santa Lucía,10425.0,1770.0,458.0
Bosa,10379.0,2345.0,344.0
Prado,10210.0,886.0,1444.0
Comuneros,10174.0,1078.0,1191.0
AV. 68,9882.0,479.0,1702.0
AV. Cali,9516.0,1658.0,469.0
Boyacá,9218.0,584.0,1030.0
Santa Isabel,9154.0,1243.0,866.0
Calle 40 Sur,9044.0,1746.0,380.0
Distrito Grafiti,8884.0,580.0,1404.0
Venecia,8790.0,1357.0,707.0
Paseo Villa del Río - Madelena,8769.0,1885.0,338.0
Calle 19,8724.0,186.0,1540.0
CAN - British Council,8675.0,204.0,1737.0
AV. Suba - Calle 116,8558.0,276.0,1599.0
Suba - Calle 95,8238.0,186.0,1584.0
AV. Rojas - UNISALESIANA,8130.0,610.0,1379.0
Movistar Arena,8100.0,222.0,1478.0
Calle 187,7975.0,1035.0,567.0
Gral. Santander,7719.0,1396.0,481.0
Olaya,7627.0,819.0,518.0
Polo - FINCOMERCIO,7596.0,209.0,1729.0
Normandía,7580.0,645.0,978.0
Perdomo,7419.0,1687.0,230.0
Suba - Calle 100,7403.0,161.0,1514.0
Hortúa,7366.0,480.0,779.0
Calle 26,7330.0,114.0,1795.0
Salitre - El Greco,7218.0,179.0,941.0
Suba - AV. Boyacá,7216.0,683.0,1073.0
Alquería,7216.0,725.0,692.0
NQS - Calle 38A S.,7191.0,400.0,664.0
Modelia,7101.0,636.0,1137.0
TV 86,7071.0,1765.0,177.0
Minuto de Dios,6978.0,584.0,684.0
Marsella,6763.0,925.0,484.0
Puentelargo,6722.0,267.0,1306.0
NQS - Calle 75,6681.0,162.0,1500.0
KR 90,6602.0,982.0,348.0
Tygua-San José,6426.0,250.0,1031.0
La Campiña,6182.0,1311.0,187.0
Fucha,6069.0,265.0,612.0
San Bernardo,6067.0,599.0,426.0
La Castellana,6009.0,135.0,1416.0
Corferias,5933.0,203.0,937.0
San Façon - KR 22,5832.0,87.0,991.0
C. Universitaria - Lotería de Btá.,5688.0,207.0,700.0
Gobernación,5661.0,100.0,1399.0
AV. Américas - AV. Boyacá,5638.0,653.0,437.0
De la Sabana,5629.0,65.0,872.0
Zona Industrial,5616.0,198.0,1170.0
AV. El Dorado,5493.0,163.0,1239.0
Temporal - Calle 22,5469.0,234.0,816.0
San Diego,5175.0,90.0,1070.0
Calle 161,5106.0,515.0,650.0
NQS - Calle 30 S.,5013.0,603.0,507.0
Centro Memoria,4864.0,166.0,934.0
Bicentenario,4811.0,368.0,846.0
Rionegro,4703.0,164.0,1009.0
Guatoque-Veraguas,4490.0,295.0,835.0
Nariño,4479.0,509.0,364.0
Danubio,4475.0,907.0,123.0
KR 43 - COMAPAN,4401.0,300.0,865.0
Tercer Milenio,4383.0,219.0,630.0
Quirigua,4152.0,729.0,201.0
Sevillana,4037.0,660.0,289.0
KR 53,3792.0,267.0,583.0
Ferias,3541.0,266.0,525.0
Quiroga,3399.0,542.0,174.0
Quinta Paredes,3277.0,148.0,534.0
Patio Bonito,3182.0,860.0,123.0
Policarpa,3175.0,260.0,255.0
CDS - Cra. 32,3116.0,91.0,659.0
La Despensa,3001.0,657.0,167.0
Puente Aranda,2922.0,150.0,550.0
Ciudad Jardín - UAN,2857.0,408.0,153.0
KR 47,2854.0,246.0,434.0
Consuelo,2845.0,603.0,100.0
Biblioteca,2722.0,395.0,138.0
21 Ángeles,2667.0,496.0,156.0
Parque,2506.0,442.0,104.0
Concejo de Bogotá,2454.0,117.0,389.0
Humedal Córdoba,2262.0,161.0,307.0
Mandalay,2034.0,354.0,117.0
Socorro,1884.0,324.0,83.0
Escuela Militar,1273.0,48.0,246.0
San Martín,1155.0,42.0,268.0
Hospital,1086.0,63.0,103.0
Gratamira,874.0,58.0,141.0
SENA,2.0,,2.0
